"filename", "language", "Vue.js", "JavaScript", "CSS", "Markdown", "HTML", "JSON", "Less", "comment", "blank", "total"
"c:\Users\19203\Desktop\news-font\.history\src\App_20211206143529.vue", "Vue.js", 5, 0, 0, 0, 0, 0, 0, 0, 3, 8
"c:\Users\19203\Desktop\news-font\.history\src\App_20211206202245.vue", "Vue.js", 6, 0, 0, 0, 0, 0, 0, 0, 2, 8
"c:\Users\19203\Desktop\news-font\.history\src\assets\css\comment_20211206183645.less", "Less", 0, 0, 0, 0, 0, 0, 0, 0, 1, 1
"c:\Users\19203\Desktop\news-font\.history\src\assets\css\comment_20211206183710.less", "Less", 0, 0, 0, 0, 0, 0, 47, 0, 0, 47
"c:\Users\19203\Desktop\news-font\.history\src\assets\css\comment_20211206214416.less", "Less", 0, 0, 0, 0, 0, 0, 59, 0, 0, 59
"c:\Users\19203\Desktop\news-font\.history\src\components\comments\comment_content_20211206220557.vue", "Vue.js", 0, 0, 0, 0, 0, 0, 0, 0, 1, 1
"c:\Users\19203\Desktop\news-font\.history\src\components\comments\comment_content_20211206220754.vue", "Vue.js", 2, 0, 0, 0, 0, 0, 0, 0, 1, 3
"c:\Users\19203\Desktop\news-font\.history\src\components\comments\comment_content_20211206220851.vue", "Vue.js", 2, 0, 0, 0, 0, 0, 0, 0, 1, 3
"c:\Users\19203\Desktop\news-font\.history\src\components\comments\comment_style1_20211206203706.vue", "Vue.js", 34, 0, 0, 0, 0, 0, 0, 0, 3, 37
"c:\Users\19203\Desktop\news-font\.history\src\components\comments\comment_style1_20211206205755.vue", "Vue.js", 34, 0, 0, 0, 0, 0, 0, 0, 3, 37
"c:\Users\19203\Desktop\news-font\.history\src\components\comments\style1\index_20211206210419.vue", "Vue.js", 0, 0, 0, 0, 0, 0, 0, 0, 1, 1
"c:\Users\19203\Desktop\news-font\.history\src\components\comments\style1\index_20211206210709.vue", "Vue.js", 34, 0, 0, 0, 0, 0, 0, 0, 3, 37
"c:\Users\19203\Desktop\news-font\.history\src\components\comments\style1\index_20211206211702.vue", "Vue.js", 34, 0, 0, 0, 0, 0, 0, 0, 2, 36
"c:\Users\19203\Desktop\news-font\.history\src\components\comments\style1\index_20211206211854.vue", "Vue.js", 34, 0, 0, 0, 0, 0, 0, 0, 2, 36
"c:\Users\19203\Desktop\news-font\.history\src\components\comments\style1_20211206212207.vue", "Vue.js", 0, 0, 0, 0, 0, 0, 0, 0, 1, 1
"c:\Users\19203\Desktop\news-font\.history\src\components\comments\style1_20211206212302.vue", "Vue.js", 34, 0, 0, 0, 0, 0, 0, 0, 2, 36
"c:\Users\19203\Desktop\news-font\.history\src\components\comments\style1_20211206213153.vue", "Vue.js", 34, 0, 0, 0, 0, 0, 0, 1, 2, 37
"c:\Users\19203\Desktop\news-font\.history\src\components\comments\style1_20211206213643.vue", "Vue.js", 34, 0, 0, 0, 0, 0, 0, 1, 2, 37
"c:\Users\19203\Desktop\news-font\.history\src\components\comments\style1_20211206213654.vue", "Vue.js", 34, 0, 0, 0, 0, 0, 0, 1, 2, 37
"c:\Users\19203\Desktop\news-font\.history\src\components\comments\style1_20211206213947.vue", "Vue.js", 50, 0, 0, 0, 0, 0, 0, 1, 4, 55
"c:\Users\19203\Desktop\news-font\.history\src\components\comments\style1_20211206214259.vue", "Vue.js", 58, 0, 0, 0, 0, 0, 0, 1, 3, 62
"c:\Users\19203\Desktop\news-font\.history\src\components\comments\style1_20211206214739.vue", "Vue.js", 56, 0, 0, 0, 0, 0, 0, 1, 5, 62
"c:\Users\19203\Desktop\news-font\.history\src\components\comments\style1_20211206215018.vue", "Vue.js", 56, 0, 0, 0, 0, 0, 0, 1, 2, 59
"c:\Users\19203\Desktop\news-font\.history\src\components\comments\style1_20211206215848.vue", "Vue.js", 56, 0, 0, 0, 0, 0, 0, 1, 2, 59
"c:\Users\19203\Desktop\news-font\.history\src\components\comments\style1_20211206220754.vue", "Vue.js", 56, 0, 0, 0, 0, 0, 0, 1, 2, 59
"c:\Users\19203\Desktop\news-font\.history\src\components\comments\style2_20211206213716.vue", "Vue.js", 0, 0, 0, 0, 0, 0, 0, 0, 1, 1
"c:\Users\19203\Desktop\news-font\.history\src\components\comments\style2_20211206215018.vue", "Vue.js", 41, 0, 0, 0, 0, 0, 0, 0, 2, 43
"c:\Users\19203\Desktop\news-font\.history\src\components\comments\style2_20211206215800.vue", "Vue.js", 63, 0, 0, 0, 0, 0, 0, 1, 2, 66
"c:\Users\19203\Desktop\news-font\.history\src\components\comments\style2_20211206215910.vue", "Vue.js", 63, 0, 0, 0, 0, 0, 0, 1, 2, 66
"c:\Users\19203\Desktop\news-font\.history\src\components\comments\style2_20211206215953.vue", "Vue.js", 61, 0, 0, 0, 0, 0, 0, 1, 4, 66
"c:\Users\19203\Desktop\news-font\.history\src\components\comments\style2_20211206220009.vue", "Vue.js", 61, 0, 0, 0, 0, 0, 0, 1, 2, 64
"c:\Users\19203\Desktop\news-font\.history\src\components\comments\style2_20211206220222.vue", "Vue.js", 61, 0, 0, 0, 0, 0, 0, 1, 2, 64
"c:\Users\19203\Desktop\news-font\.history\src\components\comments\style2_20211206220754.vue", "Vue.js", 61, 0, 0, 0, 0, 0, 0, 1, 2, 64
"c:\Users\19203\Desktop\news-font\.history\src\components\comments\style2_20211206223149.vue", "Vue.js", 61, 0, 0, 0, 0, 0, 0, 1, 2, 64
"c:\Users\19203\Desktop\news-font\.history\src\components\news\comments\comment_20211206180755.vue", "Vue.js", 0, 0, 0, 0, 0, 0, 0, 0, 1, 1
"c:\Users\19203\Desktop\news-font\.history\src\components\news\comments\comment_20211206181327.vue", "Vue.js", 2, 0, 0, 0, 0, 0, 0, 0, 1, 3
"c:\Users\19203\Desktop\news-font\.history\src\components\news\comments\comment_reply_20211206180817.vue", "Vue.js", 0, 0, 0, 0, 0, 0, 0, 0, 1, 1
"c:\Users\19203\Desktop\news-font\.history\src\components\news\comments\comment_reply_20211206182602.vue", "Vue.js", 0, 0, 0, 0, 0, 0, 0, 0, 1, 1
"c:\Users\19203\Desktop\news-font\.history\src\components\news\comments\comment_reply_20211206183012.vue", "Vue.js", 61, 0, 0, 0, 0, 0, 0, 0, 0, 61
"c:\Users\19203\Desktop\news-font\.history\src\components\news\comments\comment_reply_20211206183239.vue", "Vue.js", 64, 0, 0, 0, 0, 0, 0, 0, 0, 64
"c:\Users\19203\Desktop\news-font\.history\src\components\news\comments\comment_style1_20211206202451.vue", "Vue.js", 64, 0, 0, 0, 0, 0, 0, 0, 0, 64
"c:\Users\19203\Desktop\news-font\.history\src\components\news\comments\comment_style1_20211206203707.vue", "Vue.js", 34, 0, 0, 0, 0, 0, 0, 0, 3, 37
"c:\Users\19203\Desktop\news-font\.history\src\config\style\index_20211206143529.css", "CSS", 0, 0, 2, 0, 0, 0, 0, 0, 0, 2
"c:\Users\19203\Desktop\news-font\.history\src\config\style\index_20211206225230.css", "CSS", 0, 0, 2, 0, 0, 0, 0, 0, 0, 2
"c:\Users\19203\Desktop\news-font\.history\src\network\api\login-register_20211206174110.js", "JavaScript", 0, 0, 0, 0, 0, 0, 0, 0, 1, 1
"c:\Users\19203\Desktop\news-font\.history\src\network\api\login-register_20211206180259.js", "JavaScript", 0, 1, 0, 0, 0, 0, 0, 0, 1, 2
"c:\Users\19203\Desktop\news-font\.history\src\views\comment_detail\index_20211206143529.vue", "Vue.js", 9, 0, 0, 0, 0, 0, 0, 0, 4, 13
"c:\Users\19203\Desktop\news-font\.history\src\views\comment_detail\index_20211206181327.vue", "Vue.js", 186, 0, 0, 0, 0, 0, 0, 3, 13, 202
"c:\Users\19203\Desktop\news-font\.history\src\views\comment_detail\index_20211206182602.vue", "Vue.js", 186, 0, 0, 0, 0, 0, 0, 1, 13, 200
"c:\Users\19203\Desktop\news-font\.history\src\views\comment_detail\index_20211206183153.vue", "Vue.js", 140, 0, 0, 0, 0, 0, 0, 48, 13, 201
"c:\Users\19203\Desktop\news-font\.history\src\views\comment_detail\index_20211206183445.vue", "Vue.js", 140, 0, 0, 0, 0, 0, 0, 48, 14, 202
"c:\Users\19203\Desktop\news-font\.history\src\views\comment_detail\index_20211206183710.vue", "Vue.js", 140, 0, 0, 0, 0, 0, 0, 48, 14, 202
"c:\Users\19203\Desktop\news-font\.history\src\views\comment_detail\index_20211206183823.vue", "Vue.js", 140, 0, 0, 0, 0, 0, 0, 1, 15, 156
"c:\Users\19203\Desktop\news-font\.history\src\views\comment_detail\index_20211206205755.vue", "Vue.js", 142, 0, 0, 0, 0, 0, 0, 1, 17, 160
"c:\Users\19203\Desktop\news-font\.history\src\views\comment_detail\index_20211206205952.vue", "Vue.js", 145, 0, 0, 0, 0, 0, 0, 1, 16, 162
"c:\Users\19203\Desktop\news-font\.history\src\views\comment_detail\index_20211206210050.vue", "Vue.js", 145, 0, 0, 0, 0, 0, 0, 1, 16, 162
"c:\Users\19203\Desktop\news-font\.history\src\views\comment_detail\index_20211206210709.vue", "Vue.js", 143, 0, 0, 0, 0, 0, 0, 1, 16, 160
"c:\Users\19203\Desktop\news-font\.history\src\views\comment_detail\index_20211206210821.vue", "Vue.js", 143, 0, 0, 0, 0, 0, 0, 1, 16, 160
"c:\Users\19203\Desktop\news-font\.history\src\views\comment_detail\index_20211206211328.vue", "Vue.js", 143, 0, 0, 0, 0, 0, 0, 1, 16, 160
"c:\Users\19203\Desktop\news-font\.history\src\views\comment_detail\index_20211206211401.vue", "Vue.js", 144, 0, 0, 0, 0, 0, 0, 1, 15, 160
"c:\Users\19203\Desktop\news-font\.history\src\views\comment_detail\index_20211206211435.vue", "Vue.js", 144, 0, 0, 0, 0, 0, 0, 1, 15, 160
"c:\Users\19203\Desktop\news-font\.history\src\views\comment_detail\index_20211206211524.vue", "Vue.js", 144, 0, 0, 0, 0, 0, 0, 1, 15, 160
"c:\Users\19203\Desktop\news-font\.history\src\views\comment_detail\index_20211206211702.vue", "Vue.js", 143, 0, 0, 0, 0, 0, 0, 1, 15, 159
"c:\Users\19203\Desktop\news-font\.history\src\views\comment_detail\index_20211206211733.vue", "Vue.js", 143, 0, 0, 0, 0, 0, 0, 1, 15, 159
"c:\Users\19203\Desktop\news-font\.history\src\views\comment_detail\index_20211206211854.vue", "Vue.js", 143, 0, 0, 0, 0, 0, 0, 1, 14, 158
"c:\Users\19203\Desktop\news-font\.history\src\views\comment_detail\index_20211206212302.vue", "Vue.js", 143, 0, 0, 0, 0, 0, 0, 1, 14, 158
"c:\Users\19203\Desktop\news-font\.history\src\views\comment_detail\index_20211206212357.vue", "Vue.js", 146, 0, 0, 0, 0, 0, 0, 1, 14, 161
"c:\Users\19203\Desktop\news-font\.history\src\views\comment_detail\index_20211206212359.vue", "Vue.js", 146, 0, 0, 0, 0, 0, 0, 1, 14, 161
"c:\Users\19203\Desktop\news-font\.history\src\views\comment_detail\index_20211206212440.vue", "Vue.js", 143, 0, 0, 0, 0, 0, 0, 1, 14, 158
"c:\Users\19203\Desktop\news-font\.history\src\views\comment_detail\index_20211206212743.vue", "Vue.js", 145, 0, 0, 0, 0, 0, 0, 1, 15, 161
"c:\Users\19203\Desktop\news-font\.history\src\views\comment_detail\index_20211206213153.vue", "Vue.js", 147, 0, 0, 0, 0, 0, 0, 1, 15, 163
"c:\Users\19203\Desktop\news-font\.history\src\views\comment_detail\index_20211206213204.vue", "Vue.js", 146, 0, 0, 0, 0, 0, 0, 1, 15, 162
"c:\Users\19203\Desktop\news-font\.history\src\views\comment_detail\index_20211206213309.vue", "Vue.js", 145, 0, 0, 0, 0, 0, 0, 1, 16, 162
"c:\Users\19203\Desktop\news-font\.history\src\views\comment_detail\index_20211206213416.vue", "Vue.js", 145, 0, 0, 0, 0, 0, 0, 1, 11, 157
"c:\Users\19203\Desktop\news-font\.history\src\views\comment_detail\index_20211206213606.vue", "Vue.js", 145, 0, 0, 0, 0, 0, 0, 1, 11, 157
"c:\Users\19203\Desktop\news-font\.history\src\views\comment_detail\index_20211206213947.vue", "Vue.js", 116, 0, 0, 0, 0, 0, 0, 1, 12, 129
"c:\Users\19203\Desktop\news-font\.history\src\views\comment_detail\index_20211206214338.vue", "Vue.js", 114, 0, 0, 0, 0, 0, 0, 2, 12, 128
"c:\Users\19203\Desktop\news-font\.history\src\views\comment_detail\index_20211206214416.vue", "Vue.js", 102, 0, 0, 0, 0, 0, 0, 2, 13, 117
"c:\Users\19203\Desktop\news-font\.history\src\views\comment_detail\index_20211206214739.vue", "Vue.js", 147, 0, 0, 0, 0, 0, 0, 1, 10, 158
"c:\Users\19203\Desktop\news-font\.history\src\views\comment_detail\index_20211206214756.vue", "Vue.js", 145, 0, 0, 0, 0, 0, 0, 3, 10, 158
"c:\Users\19203\Desktop\news-font\.history\src\views\comment_detail\index_20211206215019.vue", "Vue.js", 116, 0, 0, 0, 0, 0, 0, 1, 10, 127
"c:\Users\19203\Desktop\news-font\.history\src\views\comment_detail\index_20211206215024.vue", "Vue.js", 116, 0, 0, 0, 0, 0, 0, 1, 10, 127
"c:\Users\19203\Desktop\news-font\.history\src\views\comment_detail\index_20211206215800.vue", "Vue.js", 81, 0, 0, 0, 0, 0, 0, 1, 7, 89
"c:\Users\19203\Desktop\news-font\.history\src\views\comment_detail\index_20211206215848.vue", "Vue.js", 69, 0, 0, 0, 0, 0, 0, 1, 6, 76
"c:\Users\19203\Desktop\news-font\.history\src\views\comment_detail\index_20211206215953.vue", "Vue.js", 71, 0, 0, 0, 0, 0, 0, 1, 6, 78
"c:\Users\19203\Desktop\news-font\.history\src\views\comment_detail\index_20211206220222.vue", "Vue.js", 71, 0, 0, 0, 0, 0, 0, 1, 6, 78
"c:\Users\19203\Desktop\news-font\.history\src\views\comment_detail\index_20211206220523.vue", "Vue.js", 74, 0, 0, 0, 0, 0, 0, 1, 6, 81
"c:\Users\19203\Desktop\news-font\.history\src\views\comment_detail\index_20211206220941.vue", "Vue.js", 75, 0, 0, 0, 0, 0, 0, 1, 6, 82
"c:\Users\19203\Desktop\news-font\.history\src\views\comment_detail\index_20211206221145.vue", "Vue.js", 80, 0, 0, 0, 0, 0, 0, 1, 6, 87
"c:\Users\19203\Desktop\news-font\.history\src\views\comment_detail\index_20211206221348.vue", "Vue.js", 80, 0, 0, 0, 0, 0, 0, 1, 6, 87
"c:\Users\19203\Desktop\news-font\.history\src\views\comment_detail\index_20211206221401.vue", "Vue.js", 80, 0, 0, 0, 0, 0, 0, 1, 6, 87
"c:\Users\19203\Desktop\news-font\.history\src\views\comment_detail\index_20211206221408.vue", "Vue.js", 80, 0, 0, 0, 0, 0, 0, 1, 6, 87
"c:\Users\19203\Desktop\news-font\.history\src\views\comment_detail\index_20211206221411.vue", "Vue.js", 80, 0, 0, 0, 0, 0, 0, 1, 6, 87
"c:\Users\19203\Desktop\news-font\.history\src\views\comment_detail\index_20211206221435.vue", "Vue.js", 80, 0, 0, 0, 0, 0, 0, 0, 7, 87
"c:\Users\19203\Desktop\news-font\.history\src\views\comment_detail\index_20211206221504.vue", "Vue.js", 79, 0, 0, 0, 0, 0, 0, 0, 8, 87
"c:\Users\19203\Desktop\news-font\.history\src\views\comment_detail\index_20211206221510.vue", "Vue.js", 79, 0, 0, 0, 0, 0, 0, 0, 7, 86
"c:\Users\19203\Desktop\news-font\.history\src\views\comment_detail\index_20211206221517.vue", "Vue.js", 79, 0, 0, 0, 0, 0, 0, 0, 7, 86
"c:\Users\19203\Desktop\news-font\.history\src\views\comment_detail\index_20211206221530.vue", "Vue.js", 79, 0, 0, 0, 0, 0, 0, 0, 7, 86
"c:\Users\19203\Desktop\news-font\.history\src\views\comment_detail\index_20211206221544.vue", "Vue.js", 79, 0, 0, 0, 0, 0, 0, 0, 7, 86
"c:\Users\19203\Desktop\news-font\.history\src\views\comment_detail\index_20211206221608.vue", "Vue.js", 79, 0, 0, 0, 0, 0, 0, 0, 8, 87
"c:\Users\19203\Desktop\news-font\.history\src\views\comment_detail\index_20211206221615.vue", "Vue.js", 79, 0, 0, 0, 0, 0, 0, 0, 8, 87
"c:\Users\19203\Desktop\news-font\.history\src\views\comment_detail\index_20211206221620.vue", "Vue.js", 79, 0, 0, 0, 0, 0, 0, 0, 8, 87
"c:\Users\19203\Desktop\news-font\.history\src\views\comment_detail\index_20211206221641.vue", "Vue.js", 78, 0, 0, 0, 0, 0, 0, 0, 8, 86
"c:\Users\19203\Desktop\news-font\.history\src\views\comment_detail\index_20211206221647.vue", "Vue.js", 79, 0, 0, 0, 0, 0, 0, 0, 7, 86
"c:\Users\19203\Desktop\news-font\.history\src\views\comment_detail\index_20211206221700.vue", "Vue.js", 78, 0, 0, 0, 0, 0, 0, 0, 8, 86
"c:\Users\19203\Desktop\news-font\.history\src\views\comment_detail\index_20211206221707.vue", "Vue.js", 79, 0, 0, 0, 0, 0, 0, 0, 7, 86
"c:\Users\19203\Desktop\news-font\.history\src\views\comment_detail\index_20211206221712.vue", "Vue.js", 79, 0, 0, 0, 0, 0, 0, 0, 7, 86
"c:\Users\19203\Desktop\news-font\.history\src\views\comment_detail\index_20211206221719.vue", "Vue.js", 79, 0, 0, 0, 0, 0, 0, 0, 7, 86
"c:\Users\19203\Desktop\news-font\.history\src\views\comment_detail\index_20211206221740.vue", "Vue.js", 80, 0, 0, 0, 0, 0, 0, 0, 7, 87
"c:\Users\19203\Desktop\news-font\.history\src\views\comment_detail\index_20211206221750.vue", "Vue.js", 80, 0, 0, 0, 0, 0, 0, 0, 8, 88
"c:\Users\19203\Desktop\news-font\.history\src\views\comment_detail\index_20211206221854.vue", "Vue.js", 79, 0, 0, 0, 0, 0, 0, 0, 8, 87
"c:\Users\19203\Desktop\news-font\.history\src\views\comment_detail\index_20211206221900.vue", "Vue.js", 79, 0, 0, 0, 0, 0, 0, 0, 8, 87
"c:\Users\19203\Desktop\news-font\.history\src\views\comment_detail\index_20211206221939.vue", "Vue.js", 81, 0, 0, 0, 0, 0, 0, 0, 8, 89
"c:\Users\19203\Desktop\news-font\.history\src\views\comment_detail\index_20211206222249.vue", "Vue.js", 80, 0, 0, 0, 0, 0, 0, 0, 7, 87
"c:\Users\19203\Desktop\news-font\.history\src\views\comment_detail\index_20211206222257.vue", "Vue.js", 79, 0, 0, 0, 0, 0, 0, 0, 7, 86
"c:\Users\19203\Desktop\news-font\.history\src\views\comment_detail\index_20211206222315.vue", "Vue.js", 79, 0, 0, 0, 0, 0, 0, 0, 7, 86
"c:\Users\19203\Desktop\news-font\.history\src\views\comment_detail\index_20211206222332.vue", "Vue.js", 79, 0, 0, 0, 0, 0, 0, 0, 7, 86
"c:\Users\19203\Desktop\news-font\.history\src\views\comment_detail\index_20211206222346.vue", "Vue.js", 80, 0, 0, 0, 0, 0, 0, 0, 7, 87
"c:\Users\19203\Desktop\news-font\.history\src\views\comment_detail\index_20211206222404.vue", "Vue.js", 80, 0, 0, 0, 0, 0, 0, 0, 7, 87
"c:\Users\19203\Desktop\news-font\.history\src\views\comment_detail\index_20211206222424.vue", "Vue.js", 80, 0, 0, 0, 0, 0, 0, 0, 7, 87
"c:\Users\19203\Desktop\news-font\.history\src\views\comment_detail\index_20211206222427.vue", "Vue.js", 80, 0, 0, 0, 0, 0, 0, 0, 7, 87
"c:\Users\19203\Desktop\news-font\.history\src\views\comment_detail\index_20211206222446.vue", "Vue.js", 80, 0, 0, 0, 0, 0, 0, 0, 7, 87
"c:\Users\19203\Desktop\news-font\.history\src\views\comment_detail\index_20211206222450.vue", "Vue.js", 80, 0, 0, 0, 0, 0, 0, 0, 7, 87
"c:\Users\19203\Desktop\news-font\.history\src\views\comment_detail\index_20211206222509.vue", "Vue.js", 80, 0, 0, 0, 0, 0, 0, 0, 7, 87
"c:\Users\19203\Desktop\news-font\.history\src\views\comment_detail\index_20211206222523.vue", "Vue.js", 79, 0, 0, 0, 0, 0, 0, 0, 8, 87
"c:\Users\19203\Desktop\news-font\.history\src\views\comment_detail\index_20211206222536.vue", "Vue.js", 80, 0, 0, 0, 0, 0, 0, 0, 8, 88
"c:\Users\19203\Desktop\news-font\.history\src\views\comment_detail\index_20211206222539.vue", "Vue.js", 80, 0, 0, 0, 0, 0, 0, 0, 8, 88
"c:\Users\19203\Desktop\news-font\.history\src\views\comment_detail\index_20211206222636.vue", "Vue.js", 80, 0, 0, 0, 0, 0, 0, 0, 7, 87
"c:\Users\19203\Desktop\news-font\.history\src\views\comment_detail\index_20211206222739.vue", "Vue.js", 81, 0, 0, 0, 0, 0, 0, 0, 7, 88
"c:\Users\19203\Desktop\news-font\.history\src\views\comment_detail\index_20211206222830.vue", "Vue.js", 81, 0, 0, 0, 0, 0, 0, 0, 7, 88
"c:\Users\19203\Desktop\news-font\.history\src\views\comment_detail\index_20211206222932.vue", "Vue.js", 81, 0, 0, 0, 0, 0, 0, 2, 7, 90
"c:\Users\19203\Desktop\news-font\.history\src\views\comment_detail\index_20211206222937.vue", "Vue.js", 81, 0, 0, 0, 0, 0, 0, 2, 7, 90
"c:\Users\19203\Desktop\news-font\.history\src\views\comment_detail\index_20211206222942.vue", "Vue.js", 81, 0, 0, 0, 0, 0, 0, 2, 7, 90
"c:\Users\19203\Desktop\news-font\.history\src\views\comment_detail\index_20211206222946.vue", "Vue.js", 81, 0, 0, 0, 0, 0, 0, 2, 7, 90
"c:\Users\19203\Desktop\news-font\.history\src\views\comment_detail\index_20211206222948.vue", "Vue.js", 81, 0, 0, 0, 0, 0, 0, 2, 7, 90
"c:\Users\19203\Desktop\news-font\.history\src\views\comment_detail\index_20211206223214.vue", "Vue.js", 81, 0, 0, 0, 0, 0, 0, 2, 7, 90
"c:\Users\19203\Desktop\news-font\.history\src\views\comment_detail\index_20211206223306.vue", "Vue.js", 81, 0, 0, 0, 0, 0, 0, 2, 7, 90
"c:\Users\19203\Desktop\news-font\.history\src\views\comment_detail\index_20211206223312.vue", "Vue.js", 81, 0, 0, 0, 0, 0, 0, 2, 7, 90
"c:\Users\19203\Desktop\news-font\.history\src\views\login\index_20211206143529.vue", "Vue.js", 9, 0, 0, 0, 0, 0, 0, 0, 4, 13
"c:\Users\19203\Desktop\news-font\.history\src\views\login\index_20211206145157.vue", "Vue.js", 93, 0, 0, 0, 0, 0, 0, 0, 7, 100
"c:\Users\19203\Desktop\news-font\.history\src\views\login\index_20211206145509.vue", "Vue.js", 96, 0, 0, 0, 0, 0, 0, 0, 7, 103
"c:\Users\19203\Desktop\news-font\.history\src\views\login\index_20211206145528.vue", "Vue.js", 97, 0, 0, 0, 0, 0, 0, 0, 7, 104
"c:\Users\19203\Desktop\news-font\.history\src\views\login\index_20211206145555.vue", "Vue.js", 97, 0, 0, 0, 0, 0, 0, 0, 7, 104
"c:\Users\19203\Desktop\news-font\.history\src\views\login\index_20211206145559.vue", "Vue.js", 97, 0, 0, 0, 0, 0, 0, 0, 7, 104
"c:\Users\19203\Desktop\news-font\.history\src\views\login\index_20211206145618.vue", "Vue.js", 97, 0, 0, 0, 0, 0, 0, 0, 7, 104
"c:\Users\19203\Desktop\news-font\.history\src\views\login\index_20211206145623.vue", "Vue.js", 97, 0, 0, 0, 0, 0, 0, 0, 7, 104
"c:\Users\19203\Desktop\news-font\.history\src\views\login\index_20211206145628.vue", "Vue.js", 97, 0, 0, 0, 0, 0, 0, 0, 7, 104
"c:\Users\19203\Desktop\news-font\.history\src\views\login\index_20211206145639.vue", "Vue.js", 97, 0, 0, 0, 0, 0, 0, 0, 7, 104
"c:\Users\19203\Desktop\news-font\.history\src\views\login\index_20211206145645.vue", "Vue.js", 97, 0, 0, 0, 0, 0, 0, 0, 7, 104
"c:\Users\19203\Desktop\news-font\.history\src\views\login\index_20211206145706.vue", "Vue.js", 97, 0, 0, 0, 0, 0, 0, 0, 7, 104
"c:\Users\19203\Desktop\news-font\.history\src\views\login\index_20211206145714.vue", "Vue.js", 97, 0, 0, 0, 0, 0, 0, 0, 7, 104
"c:\Users\19203\Desktop\news-font\.history\src\views\login\index_20211206145722.vue", "Vue.js", 94, 0, 0, 0, 0, 0, 0, 0, 7, 101
"c:\Users\19203\Desktop\news-font\.history\src\views\login\index_20211206145730.vue", "Vue.js", 94, 0, 0, 0, 0, 0, 0, 0, 7, 101
"c:\Users\19203\Desktop\news-font\.history\src\views\login\index_20211206145802.vue", "Vue.js", 95, 0, 0, 0, 0, 0, 0, 0, 7, 102
"c:\Users\19203\Desktop\news-font\.history\src\views\login\index_20211206145807.vue", "Vue.js", 95, 0, 0, 0, 0, 0, 0, 0, 7, 102
"c:\Users\19203\Desktop\news-font\.history\src\views\login\index_20211206145814.vue", "Vue.js", 95, 0, 0, 0, 0, 0, 0, 0, 7, 102
"c:\Users\19203\Desktop\news-font\.history\src\views\login\index_20211206145818.vue", "Vue.js", 95, 0, 0, 0, 0, 0, 0, 0, 7, 102
"c:\Users\19203\Desktop\news-font\.history\src\views\login\index_20211206145825.vue", "Vue.js", 95, 0, 0, 0, 0, 0, 0, 0, 7, 102
"c:\Users\19203\Desktop\news-font\.history\src\views\login\index_20211206145835.vue", "Vue.js", 95, 0, 0, 0, 0, 0, 0, 0, 7, 102
"c:\Users\19203\Desktop\news-font\.history\src\views\login\index_20211206145841.vue", "Vue.js", 95, 0, 0, 0, 0, 0, 0, 0, 7, 102
"c:\Users\19203\Desktop\news-font\.history\src\views\login\index_20211206145936.vue", "Vue.js", 96, 0, 0, 0, 0, 0, 0, 0, 7, 103
"c:\Users\19203\Desktop\news-font\.history\src\views\login\index_20211206145941.vue", "Vue.js", 96, 0, 0, 0, 0, 0, 0, 0, 7, 103
"c:\Users\19203\Desktop\news-font\.history\src\views\login\index_20211206150015.vue", "Vue.js", 97, 0, 0, 0, 0, 0, 0, 0, 7, 104
"c:\Users\19203\Desktop\news-font\.history\src\views\login\index_20211206150228.vue", "Vue.js", 97, 0, 0, 0, 0, 0, 0, 0, 7, 104
"c:\Users\19203\Desktop\news-font\.history\src\views\login\index_20211206150238.vue", "Vue.js", 97, 0, 0, 0, 0, 0, 0, 0, 7, 104
"c:\Users\19203\Desktop\news-font\.history\src\views\login\index_20211206150308.vue", "Vue.js", 97, 0, 0, 0, 0, 0, 0, 0, 7, 104
"c:\Users\19203\Desktop\news-font\.history\src\views\login\index_20211206150341.vue", "Vue.js", 97, 0, 0, 0, 0, 0, 0, 0, 7, 104
"c:\Users\19203\Desktop\news-font\.history\src\views\login\index_20211206151006.vue", "Vue.js", 97, 0, 0, 0, 0, 0, 0, 0, 7, 104
"c:\Users\19203\Desktop\news-font\.history\src\views\login\index_20211206165734.vue", "Vue.js", 97, 0, 0, 0, 0, 0, 0, 0, 7, 104
"c:\Users\19203\Desktop\news-font\.history\src\views\register\index_20211206143529.vue", "Vue.js", 9, 0, 0, 0, 0, 0, 0, 0, 4, 13
"c:\Users\19203\Desktop\news-font\.history\src\views\register\index_20211206151234.vue", "Vue.js", 103, 0, 0, 0, 0, 0, 0, 0, 7, 110
"c:\Users\19203\Desktop\news-font\.history\src\views\register\index_20211206151251.vue", "Vue.js", 103, 0, 0, 0, 0, 0, 0, 0, 7, 110
"c:\Users\19203\Desktop\news-font\.history\src\views\register\index_20211206151831.vue", "Vue.js", 103, 0, 0, 0, 0, 0, 0, 0, 9, 112
"c:\Users\19203\Desktop\news-font\.history\src\views\register\index_20211206151918.vue", "Vue.js", 103, 0, 0, 0, 0, 0, 0, 0, 9, 112
"c:\Users\19203\Desktop\news-font\.history\src\views\register\index_20211206152304.vue", "Vue.js", 103, 0, 0, 0, 0, 0, 0, 0, 9, 112
"c:\Users\19203\Desktop\news-font\.history\src\views\register\index_20211206152403.vue", "Vue.js", 103, 0, 0, 0, 0, 0, 0, 0, 9, 112
"c:\Users\19203\Desktop\news-font\.history\src\views\register\index_20211206165629.vue", "Vue.js", 103, 0, 0, 0, 0, 0, 0, 0, 9, 112
"c:\Users\19203\Desktop\news-font\.history\src\views\register\index_20211206165654.vue", "Vue.js", 103, 0, 0, 0, 0, 0, 0, 0, 9, 112
"c:\Users\19203\Desktop\news-font\.history\src\views\reset\components\identify_20211206175033.vue", "Vue.js", 0, 0, 0, 0, 0, 0, 0, 0, 1, 1
"c:\Users\19203\Desktop\news-font\.history\src\views\reset\components\identify_20211206180259.vue", "Vue.js", 152, 0, 0, 0, 0, 0, 0, 8, 1, 161
"c:\Users\19203\Desktop\news-font\.history\src\views\reset\components\identify_20211206180333.vue", "Vue.js", 0, 0, 0, 0, 0, 0, 0, 0, 1, 1
"c:\Users\19203\Desktop\news-font\.history\src\views\reset\index_20211206143529.vue", "Vue.js", 9, 0, 0, 0, 0, 0, 0, 0, 4, 13
"c:\Users\19203\Desktop\news-font\.history\src\views\reset\index_20211206152304.vue", "Vue.js", 93, 0, 0, 0, 0, 0, 0, 0, 9, 102
"c:\Users\19203\Desktop\news-font\.history\src\views\reset\index_20211206152403.vue", "Vue.js", 93, 0, 0, 0, 0, 0, 0, 0, 9, 102
"c:\Users\19203\Desktop\news-font\.history\src\views\reset\index_20211206152601.vue", "Vue.js", 95, 0, 0, 0, 0, 0, 0, 0, 9, 104
"c:\Users\19203\Desktop\news-font\.history\src\views\reset\index_20211206153056.vue", "Vue.js", 95, 0, 0, 0, 0, 0, 0, 0, 9, 104
"c:\Users\19203\Desktop\news-font\.history\src\views\reset\index_20211206153542.vue", "Vue.js", 97, 0, 0, 0, 0, 0, 0, 0, 9, 106
"c:\Users\19203\Desktop\news-font\.history\src\views\reset\index_20211206153610.vue", "Vue.js", 97, 0, 0, 0, 0, 0, 0, 0, 9, 106
"c:\Users\19203\Desktop\news-font\.history\src\views\reset\index_20211206153834.vue", "Vue.js", 97, 0, 0, 0, 0, 0, 0, 0, 8, 105
"c:\Users\19203\Desktop\news-font\.history\src\views\reset\index_20211206153854.vue", "Vue.js", 97, 0, 0, 0, 0, 0, 0, 0, 8, 105
"c:\Users\19203\Desktop\news-font\.history\src\views\reset\index_20211206153906.vue", "Vue.js", 97, 0, 0, 0, 0, 0, 0, 0, 8, 105
"c:\Users\19203\Desktop\news-font\.history\src\views\reset\index_20211206153913.vue", "Vue.js", 97, 0, 0, 0, 0, 0, 0, 0, 8, 105
"c:\Users\19203\Desktop\news-font\.history\src\views\reset\index_20211206153924.vue", "Vue.js", 97, 0, 0, 0, 0, 0, 0, 0, 8, 105
"c:\Users\19203\Desktop\news-font\.history\src\views\reset\index_20211206153933.vue", "Vue.js", 97, 0, 0, 0, 0, 0, 0, 0, 8, 105
"c:\Users\19203\Desktop\news-font\.history\src\views\reset\index_20211206153947.vue", "Vue.js", 97, 0, 0, 0, 0, 0, 0, 0, 8, 105
"c:\Users\19203\Desktop\news-font\.history\src\views\reset\index_20211206154023.vue", "Vue.js", 94, 0, 0, 0, 0, 0, 0, 3, 8, 105
"c:\Users\19203\Desktop\news-font\.history\src\views\reset\index_20211206154040.vue", "Vue.js", 97, 0, 0, 0, 0, 0, 0, 0, 8, 105
"c:\Users\19203\Desktop\news-font\.history\src\views\reset\index_20211206154048.vue", "Vue.js", 97, 0, 0, 0, 0, 0, 0, 0, 8, 105
"c:\Users\19203\Desktop\news-font\.history\src\views\reset\index_20211206154106.vue", "Vue.js", 97, 0, 0, 0, 0, 0, 0, 0, 8, 105
"c:\Users\19203\Desktop\news-font\.history\src\views\reset\index_20211206154138.vue", "Vue.js", 97, 0, 0, 0, 0, 0, 0, 0, 8, 105
"c:\Users\19203\Desktop\news-font\.history\src\views\reset\index_20211206154143.vue", "Vue.js", 97, 0, 0, 0, 0, 0, 0, 0, 8, 105
"c:\Users\19203\Desktop\news-font\.history\src\views\reset\index_20211206154147.vue", "Vue.js", 97, 0, 0, 0, 0, 0, 0, 0, 8, 105
"c:\Users\19203\Desktop\news-font\.history\src\views\reset\index_20211206154158.vue", "Vue.js", 97, 0, 0, 0, 0, 0, 0, 0, 8, 105
"c:\Users\19203\Desktop\news-font\.history\src\views\reset\index_20211206154203.vue", "Vue.js", 97, 0, 0, 0, 0, 0, 0, 0, 8, 105
"c:\Users\19203\Desktop\news-font\.history\src\views\reset\index_20211206154309.vue", "Vue.js", 97, 0, 0, 0, 0, 0, 0, 0, 9, 106
"c:\Users\19203\Desktop\news-font\.history\src\views\reset\index_20211206154650.vue", "Vue.js", 97, 0, 0, 0, 0, 0, 0, 0, 9, 106
"c:\Users\19203\Desktop\news-font\.history\src\views\reset\index_20211206154743.vue", "Vue.js", 96, 0, 0, 0, 0, 0, 0, 1, 9, 106
"c:\Users\19203\Desktop\news-font\.history\src\views\reset\index_20211206154820.vue", "Vue.js", 96, 0, 0, 0, 0, 0, 0, 1, 9, 106
"c:\Users\19203\Desktop\news-font\.history\src\views\reset\index_20211206155058.vue", "Vue.js", 97, 0, 0, 0, 0, 0, 0, 1, 9, 107
"c:\Users\19203\Desktop\news-font\.history\src\views\reset\index_20211206155126.vue", "Vue.js", 97, 0, 0, 0, 0, 0, 0, 1, 9, 107
"c:\Users\19203\Desktop\news-font\.history\src\views\reset\index_20211206155217.vue", "Vue.js", 97, 0, 0, 0, 0, 0, 0, 0, 9, 106
"c:\Users\19203\Desktop\news-font\.history\src\views\reset\index_20211206155223.vue", "Vue.js", 97, 0, 0, 0, 0, 0, 0, 0, 9, 106
"c:\Users\19203\Desktop\news-font\.history\src\views\reset\index_20211206155239.vue", "Vue.js", 97, 0, 0, 0, 0, 0, 0, 0, 9, 106
"c:\Users\19203\Desktop\news-font\.history\src\views\reset\index_20211206155256.vue", "Vue.js", 97, 0, 0, 0, 0, 0, 0, 0, 9, 106
"c:\Users\19203\Desktop\news-font\.history\src\views\reset\index_20211206155308.vue", "Vue.js", 94, 0, 0, 0, 0, 0, 0, 0, 9, 103
"c:\Users\19203\Desktop\news-font\.history\src\views\reset\index_20211206155310.vue", "Vue.js", 86, 0, 0, 0, 0, 0, 0, 0, 9, 95
"c:\Users\19203\Desktop\news-font\.history\src\views\reset\index_20211206155328.vue", "Vue.js", 86, 0, 0, 0, 0, 0, 0, 0, 9, 95
"c:\Users\19203\Desktop\news-font\.history\src\views\reset\index_20211206155332.vue", "Vue.js", 86, 0, 0, 0, 0, 0, 0, 0, 9, 95
"c:\Users\19203\Desktop\news-font\.history\src\views\reset\index_20211206155350.vue", "Vue.js", 85, 0, 0, 0, 0, 0, 0, 0, 9, 94
"c:\Users\19203\Desktop\news-font\.history\src\views\reset\index_20211206155356.vue", "Vue.js", 85, 0, 0, 0, 0, 0, 0, 0, 9, 94
"c:\Users\19203\Desktop\news-font\.history\src\views\reset\index_20211206155405.vue", "Vue.js", 85, 0, 0, 0, 0, 0, 0, 0, 9, 94
"c:\Users\19203\Desktop\news-font\.history\src\views\reset\index_20211206155413.vue", "Vue.js", 85, 0, 0, 0, 0, 0, 0, 0, 9, 94
"c:\Users\19203\Desktop\news-font\.history\src\views\reset\index_20211206155419.vue", "Vue.js", 85, 0, 0, 0, 0, 0, 0, 0, 9, 94
"c:\Users\19203\Desktop\news-font\.history\src\views\reset\index_20211206155730.vue", "Vue.js", 85, 0, 0, 0, 0, 0, 0, 0, 9, 94
"c:\Users\19203\Desktop\news-font\.history\src\views\reset\index_20211206155736.vue", "Vue.js", 85, 0, 0, 0, 0, 0, 0, 0, 9, 94
"c:\Users\19203\Desktop\news-font\.history\src\views\reset\index_20211206155746.vue", "Vue.js", 85, 0, 0, 0, 0, 0, 0, 0, 9, 94
"c:\Users\19203\Desktop\news-font\.history\src\views\reset\index_20211206155749.vue", "Vue.js", 85, 0, 0, 0, 0, 0, 0, 0, 9, 94
"c:\Users\19203\Desktop\news-font\.history\src\views\reset\index_20211206155801.vue", "Vue.js", 85, 0, 0, 0, 0, 0, 0, 0, 9, 94
"c:\Users\19203\Desktop\news-font\.history\src\views\reset\index_20211206155804.vue", "Vue.js", 85, 0, 0, 0, 0, 0, 0, 0, 9, 94
"c:\Users\19203\Desktop\news-font\.history\src\views\reset\index_20211206165552.vue", "Vue.js", 85, 0, 0, 0, 0, 0, 0, 0, 9, 94
"c:\Users\19203\Desktop\news-font\.history\src\views\reset\index_20211206180259.vue", "Vue.js", 88, 0, 0, 0, 0, 0, 0, 0, 10, 98
"c:\Users\19203\Desktop\news-font\.history\src\views\reset\index_20211206181359.vue", "Vue.js", 87, 0, 0, 0, 0, 0, 0, 0, 10, 97
"c:\Users\19203\Desktop\news-font\README.md", "Markdown", 0, 0, 0, 38, 0, 0, 0, 0, 12, 50
"c:\Users\19203\Desktop\news-font\babel.config.js", "JavaScript", 0, 13, 0, 0, 0, 0, 0, 0, 1, 14
"c:\Users\19203\Desktop\news-font\package-lock.json", "JSON", 0, 0, 0, 0, 0, 25844, 0, 0, 1, 25845
"c:\Users\19203\Desktop\news-font\package.json", "JSON", 0, 0, 0, 0, 0, 50, 0, 0, 1, 51
"c:\Users\19203\Desktop\news-font\postcss.config.js", "JavaScript", 0, 11, 0, 0, 0, 0, 0, 0, 1, 12
"c:\Users\19203\Desktop\news-font\public\index.html", "HTML", 0, 0, 0, 0, 16, 0, 0, 1, 1, 18
"c:\Users\19203\Desktop\news-font\src\App.vue", "Vue.js", 6, 0, 0, 0, 0, 0, 0, 0, 2, 8
"c:\Users\19203\Desktop\news-font\src\assets\css\comment.less", "Less", 0, 0, 0, 0, 0, 0, 59, 0, 0, 59
"c:\Users\19203\Desktop\news-font\src\assets\css\iconfont.css", "CSS", 0, 0, 35, 0, 0, 0, 0, 0, 8, 43
"c:\Users\19203\Desktop\news-font\src\components\comments\comment_content.vue", "Vue.js", 2, 0, 0, 0, 0, 0, 0, 0, 1, 3
"c:\Users\19203\Desktop\news-font\src\components\comments\style1.vue", "Vue.js", 56, 0, 0, 0, 0, 0, 0, 1, 2, 59
"c:\Users\19203\Desktop\news-font\src\components\comments\style2.vue", "Vue.js", 61, 0, 0, 0, 0, 0, 0, 1, 2, 64
"c:\Users\19203\Desktop\news-font\src\components\news\NewsMorePic.vue", "Vue.js", 49, 0, 0, 0, 0, 0, 0, 0, 2, 51
"c:\Users\19203\Desktop\news-font\src\components\news\NewsOnePic.vue", "Vue.js", 52, 0, 0, 0, 0, 0, 0, 0, 2, 54
"c:\Users\19203\Desktop\news-font\src\components\news\NewsText.vue", "Vue.js", 32, 0, 0, 0, 0, 0, 0, 0, 2, 34
"c:\Users\19203\Desktop\news-font\src\components\news\NewsVideo.vue", "Vue.js", 43, 0, 0, 0, 0, 0, 0, 0, 2, 45
"c:\Users\19203\Desktop\news-font\src\components\news\index.vue", "Vue.js", 61, 0, 0, 0, 0, 0, 0, 0, 3, 64
"c:\Users\19203\Desktop\news-font\src\config\style\index.css", "CSS", 0, 0, 2, 0, 0, 0, 0, 0, 0, 2
"c:\Users\19203\Desktop\news-font\src\config\style\reset.css", "CSS", 0, 0, 42, 0, 0, 0, 0, 1, 0, 43
"c:\Users\19203\Desktop\news-font\src\config\vant.config.js", "JavaScript", 0, 49, 0, 0, 0, 0, 0, 0, 2, 51
"c:\Users\19203\Desktop\news-font\src\main.js", "JavaScript", 0, 9, 0, 0, 0, 0, 0, 0, 2, 11
"c:\Users\19203\Desktop\news-font\src\network\api\my.js", "JavaScript", 0, 13, 0, 0, 0, 0, 0, 0, 1, 14
"c:\Users\19203\Desktop\news-font\src\network\api\news.js", "JavaScript", 0, 31, 0, 0, 0, 0, 0, 5, 5, 41
"c:\Users\19203\Desktop\news-font\src\network\request.js", "JavaScript", 0, 23, 0, 0, 0, 0, 0, 6, 2, 31
"c:\Users\19203\Desktop\news-font\src\router\index.js", "JavaScript", 0, 61, 0, 0, 0, 0, 0, 0, 5, 66
"c:\Users\19203\Desktop\news-font\src\store\index.js", "JavaScript", 0, 14, 0, 0, 0, 0, 0, 0, 3, 17
"c:\Users\19203\Desktop\news-font\src\store\module\comment.js", "JavaScript", 0, 6, 0, 0, 0, 0, 0, 0, 2, 8
"c:\Users\19203\Desktop\news-font\src\store\module\news.js", "JavaScript", 0, 147, 0, 0, 0, 0, 0, 15, 2, 164
"c:\Users\19203\Desktop\news-font\src\store\module\user.js", "JavaScript", 0, 38, 0, 0, 0, 0, 0, 0, 0, 38
"c:\Users\19203\Desktop\news-font\src\views\comment_detail\index.vue", "Vue.js", 81, 0, 0, 0, 0, 0, 0, 2, 7, 90
"c:\Users\19203\Desktop\news-font\src\views\home\components\Category.vue", "Vue.js", 55, 0, 0, 0, 0, 0, 0, 3, 6, 64
"c:\Users\19203\Desktop\news-font\src\views\home\components\NavBar.vue", "Vue.js", 54, 0, 0, 0, 0, 0, 0, 1, 3, 58
"c:\Users\19203\Desktop\news-font\src\views\home\index.vue", "Vue.js", 26, 0, 0, 0, 0, 0, 0, 0, 5, 31
"c:\Users\19203\Desktop\news-font\src\views\login\index.vue", "Vue.js", 97, 0, 0, 0, 0, 0, 0, 0, 7, 104
"c:\Users\19203\Desktop\news-font\src\views\my\index.vue", "Vue.js", 84, 0, 0, 0, 0, 0, 0, 0, 5, 89
"c:\Users\19203\Desktop\news-font\src\views\news_detail\components\NewsComment.vue", "Vue.js", 13, 0, 0, 0, 0, 0, 0, 0, 3, 16
"c:\Users\19203\Desktop\news-font\src\views\news_detail\components\NewsContent.vue", "Vue.js", 73, 0, 0, 0, 0, 0, 0, 0, 3, 76
"c:\Users\19203\Desktop\news-font\src\views\news_detail\components\NewsOperate.vue", "Vue.js", 76, 0, 0, 0, 0, 0, 0, 0, 3, 79
"c:\Users\19203\Desktop\news-font\src\views\news_detail\index.vue", "Vue.js", 90, 0, 0, 0, 0, 0, 0, 0, 6, 96
"c:\Users\19203\Desktop\news-font\src\views\notfind\index.vue", "Vue.js", 40, 0, 0, 0, 0, 0, 0, 0, 2, 42
"c:\Users\19203\Desktop\news-font\src\views\register\index.vue", "Vue.js", 103, 0, 0, 0, 0, 0, 0, 0, 9, 112
"c:\Users\19203\Desktop\news-font\src\views\reset\index.vue", "Vue.js", 87, 0, 0, 0, 0, 0, 0, 0, 10, 97
"c:\Users\19203\Desktop\news-font\src\views\setting\index.vue", "Vue.js", 101, 0, 0, 0, 0, 0, 0, 0, 4, 105
"Total", "-", 20612, 416, 83, 38, 16, 25894, 165, 276, 1830, 49330